y_val,y_pred,iter,model,sample_id,mse
0.7164690360042748,0.23233869774894636,9,RF,55,0.15723038587334023
0.6876482303042296,0.23233869774894636,9,RF,56,0.15723038587334023
0.6541426564718681,0.23233869774894636,9,RF,57,0.15723038587334023
0.6231348188286906,0.23233869774894636,9,RF,58,0.15723038587334023
0.5888327648183863,0.23233869774894636,9,RF,59,0.15723038587334023
0.4420173868999886,0.23233869774894636,9,RF,60,0.15723038587334023
