y_val,y_pred,iter,model,sample_id,mse
0.06664101641035997,0.048666563980276856,3,LR,14,0.013810253340213019
0.10404367066111543,0.05047545429967154,3,LR,15,0.013810253340213019
0.0714879646065197,-0.09249577622894606,3,LR,16,0.013810253340213019
0.06043842259982234,-0.09078122896871604,3,LR,17,0.013810253340213019
0.04645743774271427,-0.08861181242027066,3,LR,18,0.013810253340213019
0.033268646604325554,-0.08656531984181232,3,LR,19,0.013810253340213019
0.02080657300871645,-0.08463159135540216,3,LR,20,0.013810253340213019
