y_val,y_pred,iter,model,sample_id,mse
0.00901276294041713,0.0515284779998225,4,RF,21,0.0010715480884903425
0.0,0.0515284779998225,4,RF,22,0.0010715480884903425
0.0913619393939883,0.0515284779998225,4,RF,23,0.0010715480884903425
0.08142871538231321,0.0515284779998225,4,RF,24,0.0010715480884903425
0.06370811016145309,0.05247177898474793,4,RF,25,0.0010715480884903425
0.04860066005932615,0.05247177898474793,4,RF,26,0.0010715480884903425
0.03207332303277667,0.05247177898474793,4,RF,27,0.0010715480884903425
