y_val,y_pred,iter,model,sample_id,mse
0.008526430961047765,0.06924747681245927,5,RF,28,0.0509670680072102
0.0,0.25364715838616847,5,RF,29,0.0509670680072102
0.0,0.25364715838616847,5,RF,30,0.0509670680072102
0.0012751510964109126,0.25364715838616847,5,RF,31,0.0509670680072102
0.009014424376234913,0.25364715838616847,5,RF,32,0.0509670680072102
0.01767403014073908,0.25364715838616847,5,RF,33,0.0509670680072102
0.05359830772001963,0.26617428674835675,5,RF,34,0.0509670680072102
