y_val,y_pred,iter,model,sample_id,mse
0.03813546351649273,0.2800913066984775,7,LR,42,0.07576159263792535
0.03389451889630202,0.2890777940913032,7,LR,43,0.07576159263792535
0.028940937844200782,0.2967023213104368,7,LR,44,0.07576159263792535
0.022397568992239207,0.30449489144532704,7,LR,45,0.07576159263792535
0.016033807909585036,0.3106601520481482,7,LR,46,0.07576159263792535
0.0,0.32799424533927635,7,LR,47,0.07576159263792535
0.18117199244821555,-0.06583013108361563,7,LR,48,0.07576159263792535
