y_val,y_pred,iter,model,sample_id,mse
0.00901276294041713,-0.004844988119927673,4,LR,21,0.0037748765935606385
0.0,-0.0030487999192159165,4,LR,22,0.0037748765935606385
0.0913619393939883,0.12788375329285556,4,LR,23,0.0037748765935606385
0.08142871538231321,0.12909291560316685,4,LR,24,0.0037748765935606385
0.06370811016145309,0.13138096887405384,4,LR,25,0.0037748765935606385
0.04860066005932615,0.1335103808670286,4,LR,26,0.0037748765935606385
0.03207332303277667,0.13613007842324543,4,LR,27,0.0037748765935606385
