y_val,y_pred,iter,model,sample_id,mse
0.420958218333113,0.32531619824462993,10,RF,61,0.004994443297595521
0.3826036033047221,0.32531619824462993,10,RF,62,0.004994443297595521
0.3178899745324501,0.32531619824462993,10,RF,63,0.004994443297595521
0.2924108677901233,0.32531619824462993,10,RF,64,0.004994443297595521
0.26902037741631624,0.32531619824462993,10,RF,65,0.004994443297595521
0.21029320929558967,0.32531619824462993,10,RF,66,0.004994443297595521
