y_val,y_pred,iter,model,sample_id,mse
0.06664101641035997,0.0492717905281563,3,RF,14,0.0007134558184324506
0.10404367066111543,0.0492717905281563,3,RF,15,0.0007134558184324506
0.0714879646065197,0.0492717905281563,3,RF,16,0.0007134558184324506
0.06043842259982234,0.0492717905281563,3,RF,17,0.0007134558184324506
0.04645743774271427,0.0492717905281563,3,RF,18,0.0007134558184324506
0.033268646604325554,0.0492717905281563,3,RF,19,0.0007134558184324506
0.02080657300871645,0.0492717905281563,3,RF,20,0.0007134558184324506
