y_val,y_pred,iter,model,sample_id,mse
0.7164690360042748,0.15695251078650319,9,LR,55,0.22165901754759043
0.6876482303042296,0.15672886211716608,9,LR,56,0.22165901754759043
0.6541426564718681,0.1564838297434626,9,LR,57,0.22165901754759043
0.6231348188286906,0.15627315450065063,9,LR,58,0.22165901754759043
0.5888327648183863,0.1560605425780641,9,LR,59,0.22165901754759043
0.4420173868999886,0.15547930915995228,9,LR,60,0.22165901754759043
