y_val,y_pred,iter,model,sample_id,mse
0.18248081738449087,0.27507303631719227,8,LR,49,0.1949377283826763
0.08924855193694801,0.1332125896966715,8,LR,50,0.1949377283826763
0.0,0.275073036317139,8,LR,51,0.1949377283826763
0.10684379730441973,0.0642595893007796,8,LR,52,0.1949377283826763
0.5895472223838514,-0.07468271243245994,8,LR,53,0.1949377283826763
1.0,0.19972491086693844,8,LR,54,0.1949377283826763
