y_val,y_pred,iter,model,sample_id,mse
0.03813546351649273,0.15282025487014977,7,SVR,42,0.06150192168179728
0.03389451889630202,0.19942860526248282,7,SVR,43,0.06150192168179728
0.028940937844200782,0.24726410249877226,7,SVR,44,0.06150192168179728
0.022397568992239207,0.2994444679634029,7,SVR,45,0.06150192168179728
0.016033807909585036,0.3384130920611792,7,SVR,46,0.06150192168179728
0.0,0.40061993013762676,7,SVR,47,0.06150192168179728
0.18117199244821555,0.14778641281019939,7,SVR,48,0.06150192168179728
