y_val,y_pred,iter,model,sample_id,mse
0.18248081738449087,0.17479509652124148,8,SVR,49,0.1837666336043917
0.08924855193694801,0.0869396158673456,8,SVR,50,0.1837666336043917
0.0,0.1747950965211913,8,SVR,51,0.1837666336043917
0.10684379730441973,0.10454597693106132,8,SVR,52,0.1837666336043917
0.5895472223838514,0.11600226797963205,8,SVR,53,0.1837666336043917
1.0,0.07927638753675165,8,SVR,54,0.1837666336043917
