y_val,y_pred,iter,model,sample_id,mse
0.46587098610327293,0.12311772740504912,2,RF,7,0.055890330015382184
0.6374010087371228,0.12311772740504912,2,RF,8,0.055890330015382184
0.12753428557385177,0.04293646959095141,2,RF,9,0.055890330015382184
0.07773305792423937,0.04293646959095141,2,RF,10,0.055890330015382184
0.029963624074309404,0.04293646959095141,2,RF,11,0.055890330015382184
0.02046600343472686,0.04293646959095141,2,RF,12,0.055890330015382184
0.027956125704738734,0.04293646959095141,2,RF,13,0.055890330015382184
