y_val,y_pred,iter,model,sample_id,mse
0.14511697622097025,0.22540525631853092,1,SVR,0,0.017778085116934506
0.1270663253363236,0.23643254400644598,1,SVR,1,0.017778085116934506
0.08854347495894867,0.2534475590976025,1,SVR,2,0.017778085116934506
0.06551213047169338,0.26878020909023104,1,SVR,3,0.017778085116934506
0.10042935160253087,0.27950345835809653,1,SVR,4,0.017778085116934506
0.22489921801416507,0.2858228595359925,1,SVR,5,0.017778085116934506
0.3292959921596084,0.2874758588043448,1,SVR,6,0.017778085116934506
