y_val,y_pred,iter,model,sample_id,mse
0.14511697622097025,0.14416750095725628,1,RF,0,0.007133238210261769
0.1270663253363236,0.14416750095725628,1,RF,1,0.007133238210261769
0.08854347495894867,0.14416750095725628,1,RF,2,0.007133238210261769
0.06551213047169338,0.14416750095725628,1,RF,3,0.007133238210261769
0.10042935160253087,0.14964801473939002,1,RF,4,0.007133238210261769
0.22489921801416507,0.14964801473939002,1,RF,5,0.007133238210261769
0.3292959921596084,0.14964801473939002,1,RF,6,0.007133238210261769
