y_val,y_pred,iter,model,sample_id,mse
0.008526430961047765,0.15570375426496816,5,LR,28,0.023751700297432343
0.0,0.16063831603616832,5,LR,29,0.023751700297432343
0.0,0.16219873299744123,5,LR,30,0.023751700297432343
0.0012751510964109126,0.16767634494847353,5,LR,31,0.023751700297432343
0.009014424376234913,0.1700316149968832,5,LR,32,0.023751700297432343
0.01767403014073908,0.1718326620267837,5,LR,33,0.023751700297432343
0.05359830772001963,0.17650828797578919,5,LR,34,0.023751700297432343
