y_val,y_pred,iter,model,sample_id,mse
0.027570349511205603,0.22437315026864765,6,RF,35,0.03672122503132037
0.03117777934434829,0.22437315026864765,6,RF,36,0.03672122503132037
0.03363132832913543,0.22333469526812788,6,RF,37,0.03672122503132037
0.037107661649798514,0.2232820297735612,6,RF,38,0.03672122503132037
0.039022968823740414,0.2232820297735612,6,RF,39,0.03672122503132037
0.04076722231353423,0.22327636967222414,6,RF,40,0.03672122503132037
0.04261820782795167,0.25018392826539154,6,RF,41,0.03672122503132037
