y_val,y_pred,iter,model,sample_id,mse
0.027570349511205603,0.2362674559780453,6,LR,35,0.04386578287907599
0.03117777934434829,0.2392350824918216,6,LR,36,0.04386578287907599
0.03363132832913543,0.24143413852892526,6,LR,37,0.04386578287907599
0.037107661649798514,0.24495888520558629,6,LR,38,0.04386578287907599
0.039022968823740414,0.24725739632162777,6,LR,39,0.04386578287907599
0.04076722231353423,0.24980856803648746,6,LR,40,0.04386578287907599
0.04261820782795167,0.25889154514741136,6,LR,41,0.04386578287907599
