y_val,y_pred,iter,model,sample_id,mse
0.00901276294041713,0.04802208306900654,4,RF,21,0.0010507270173704133
0.0,0.04802208306900654,4,RF,22,0.0010507270173704133
0.0913619393939883,0.04802208306900654,4,RF,23,0.0010507270173704133
0.08142871538231321,0.04802208306900654,4,RF,24,0.0010507270173704133
0.06370811016145309,0.04802208306900654,4,RF,25,0.0010507270173704133
0.04860066005932615,0.0494775810056258,4,RF,26,0.0010507270173704133
0.03207332303277667,0.04898707298167929,4,RF,27,0.0010507270173704133
