y_val,y_pred,iter,model,sample_id,mse
0.03813546351649273,0.36874549812404617,7,RF,42,0.11651934122899969
0.03389451889630202,0.36874549812404617,7,RF,43,0.11651934122899969
0.028940937844200782,0.38113643202872993,7,RF,44,0.11651934122899969
0.022397568992239207,0.40735289359886606,7,RF,45,0.11651934122899969
0.016033807909585036,0.40735289359886606,7,RF,46,0.11651934122899969
0.0,0.40735289359886606,7,RF,47,0.11651934122899969
0.18117199244821555,0.12724666894367936,7,RF,48,0.11651934122899969
