y_val,y_pred,iter,model,sample_id,mse
0.420958218333113,0.4319469052620989,10,SVR,61,0.014392178903870493
0.3826036033047221,0.43183950544299043,10,SVR,62,0.014392178903870493
0.3178899745324501,0.42813052674190955,10,SVR,63,0.014392178903870493
0.2924108677901233,0.42437733477960915,10,SVR,64,0.014392178903870493
0.26902037741631624,0.41882795233050085,10,SVR,65,0.014392178903870493
0.21029320929558967,0.3886123357532636,10,SVR,66,0.014392178903870493
