y_val,y_pred,iter,model,sample_id,mse
0.008526430961047765,0.04802634066138685,5,SVR,28,0.003862474973968702
0.0,0.05522511235192959,5,SVR,29,0.003862474973968702
0.0,0.05906944844640896,5,SVR,30,0.003862474973968702
0.0012751510964109126,0.076019549795358,5,SVR,31,0.003862474973968702
0.009014424376234913,0.08394786563326004,5,SVR,32,0.003862474973968702
0.01767403014073908,0.08988995676022692,5,SVR,33,0.003862474973968702
0.05359830772001963,0.10380969452023965,5,SVR,34,0.003862474973968702
