y_val,y_pred,iter,model,sample_id,mse
0.06664101641035997,0.024959745277254322,3,SVR,14,0.001195862737987332
0.10404367066111543,0.028163639621004932,3,SVR,15,0.001195862737987332
0.0714879646065197,0.05156692332030874,3,SVR,16,0.001195862737987332
0.06043842259982234,0.04348889258258287,3,SVR,17,0.001195862737987332
0.04645743774271427,0.03419211582049414,3,SVR,18,0.001195862737987332
0.033268646604325554,0.026923370720767628,3,SVR,19,0.001195862737987332
0.02080657300871645,0.02185375511577728,3,SVR,20,0.001195862737987332
