y_val,y_pred,iter,model,sample_id,mse
0.46587098610327293,0.12409434732662863,2,SVR,7,0.05629157670765656
0.6374010087371228,0.12459772767046981,2,SVR,8,0.05629157670765656
0.12753428557385177,0.10040767128400603,2,SVR,9,0.05629157670765656
0.07773305792423937,0.09707755771931455,2,SVR,10,0.05629157670765656
0.029963624074309404,0.09313611023284404,2,SVR,11,0.05629157670765656
0.02046600343472686,0.091928752149543,2,SVR,12,0.05629157670765656
0.027956125704738734,0.09163352146596229,2,SVR,13,0.05629157670765656
