y_val,y_pred,iter,model,sample_id,mse
0.18248081738449087,0.3564983121606926,8,RF,49,0.17821844388730426
0.08924855193694801,0.10762079832522026,8,RF,50,0.17821844388730426
0.0,0.3564983121606926,8,RF,51,0.17821844388730426
0.10684379730441973,0.10828866660407342,8,RF,52,0.17821844388730426
0.5895472223838514,0.10828866660407342,8,RF,53,0.17821844388730426
1.0,0.17538608811981873,8,RF,54,0.17821844388730426
