y_val,y_pred,iter,model,sample_id,mse
0.06664101641035997,0.046644281883710725,3,RF,14,0.0007640822632636487
0.10404367066111543,0.046644281883710725,3,RF,15,0.0007640822632636487
0.0714879646065197,0.046644281883710725,3,RF,16,0.0007640822632636487
0.06043842259982234,0.046644281883710725,3,RF,17,0.0007640822632636487
0.04645743774271427,0.046644281883710725,3,RF,18,0.0007640822632636487
0.033268646604325554,0.046644281883710725,3,RF,19,0.0007640822632636487
0.02080657300871645,0.046644281883710725,3,RF,20,0.0007640822632636487
