y_val,y_pred,iter,model,sample_id,mse
0.420958218333113,0.321185862015539,10,RF,61,0.0049306572346564815
0.3826036033047221,0.321185862015539,10,RF,62,0.0049306572346564815
0.3178899745324501,0.321185862015539,10,RF,63,0.0049306572346564815
0.2924108677901233,0.321185862015539,10,RF,64,0.0049306572346564815
0.26902037741631624,0.321185862015539,10,RF,65,0.0049306572346564815
0.21029320929558967,0.321185862015539,10,RF,66,0.0049306572346564815
