y_val,y_pred,iter,model,sample_id,mse
0.00901276294041713,0.04003857602193146,4,SVR,21,0.00041992458018601096
0.0,0.041329799804600456,4,SVR,22,0.00041992458018601096
0.0913619393939883,0.0795431865829857,4,SVR,23,0.00041992458018601096
0.08142871538231321,0.07447488153059939,4,SVR,24,0.00041992458018601096
0.06370811016145309,0.06383325037973749,4,SVR,25,0.00041992458018601096
0.04860066005932615,0.05313719209807184,4,SVR,26,0.00041992458018601096
0.03207332303277667,0.039824718119278055,4,SVR,27,0.00041992458018601096
