y_val,y_pred,iter,model,sample_id,mse
0.46587098610327293,0.12179265973000143,2,RF,7,0.05614130376394978
0.6374010087371228,0.12179265973000143,2,RF,8,0.05614130376394978
0.12753428557385177,0.0474200378669571,2,RF,9,0.05614130376394978
0.07773305792423937,0.0474200378669571,2,RF,10,0.05614130376394978
0.029963624074309404,0.0474200378669571,2,RF,11,0.05614130376394978
0.02046600343472686,0.0474200378669571,2,RF,12,0.05614130376394978
0.027956125704738734,0.0474200378669571,2,RF,13,0.05614130376394978
