y_val,y_pred,iter,model,sample_id,mse
0.7164690360042748,0.21888041007848588,9,RF,55,0.16781123587698962
0.6876482303042296,0.21888041007848588,9,RF,56,0.16781123587698962
0.6541426564718681,0.21888041007848588,9,RF,57,0.16781123587698962
0.6231348188286906,0.21888041007848588,9,RF,58,0.16781123587698962
0.5888327648183863,0.21888041007848588,9,RF,59,0.16781123587698962
0.4420173868999886,0.21888041007848588,9,RF,60,0.16781123587698962
