y_val,y_pred,iter,model,sample_id,mse
0.18248081738449087,0.3561830886817041,8,RF,49,0.18134599389191197
0.08924855193694801,0.1144013095625685,8,RF,50,0.18134599389191197
0.0,0.3561830886817041,8,RF,51,0.18134599389191197
0.10684379730441973,0.11280725875503331,8,RF,52,0.18134599389191197
0.5895472223838514,0.11280725875503331,8,RF,53,0.18134599389191197
1.0,0.16149664602616565,8,RF,54,0.18134599389191197
