y_val,y_pred,iter,model,sample_id,mse
0.14511697622097025,0.26348308432066386,1,LR,0,0.019954861360688626
0.1270663253363236,0.2645440424839096,1,LR,1,0.019954861360688626
0.08854347495894867,0.26629048022916074,1,LR,2,0.019954861360688626
0.06551213047169338,0.2681314978430151,1,LR,3,0.019954861360688626
0.10042935160253087,0.269826159805785,1,LR,4,0.019954861360688626
0.22489921801416507,0.27139125121905694,1,LR,5,0.019954861360688626
0.3292959921596084,0.27212976464211275,1,LR,6,0.019954861360688626
