y_val,y_pred,iter,model,sample_id,mse
0.46587098610327293,0.22390025651154494,2,LR,7,0.03421201515663465
0.6374010087371228,0.2248592063135669,2,LR,8,0.03421201515663465
0.12753428557385177,0.06032190997033038,2,LR,9,0.03421201515663465
0.07773305792423937,0.06327533097753232,2,LR,10,0.03421201515663465
0.029963624074309404,0.06785440176444105,2,LR,11,0.03421201515663465
0.02046600343472686,0.07041511473764955,2,LR,12,0.03421201515663465
0.027956125704738734,0.07363302701999913,2,LR,13,0.03421201515663465
