y_val,y_pred,iter,model,sample_id,mse
0.420958218333113,0.25034493479510633,10,LR,61,0.009139955974456729
0.3826036033047221,0.25032670824008507,10,LR,62,0.009139955974456729
0.3178899745324501,0.2497935737744253,10,LR,63,0.009139955974456729
0.2924108677901233,0.24936726370520068,10,LR,64,0.009139955974456729
0.26902037741631624,0.24884437982146868,10,LR,65,0.009139955974456729
0.21029320929558967,0.24685444329301853,10,LR,66,0.009139955974456729
