y_val,y_pred,iter,model,sample_id,mse
0.027570349511205603,0.11605162808202936,6,SVR,35,0.007471611461605036
0.03117777934434829,0.11241527675972926,6,SVR,36,0.007471611461605036
0.03363132832913543,0.1121604518602486,6,SVR,37,0.007471611461605036
0.037107661649798514,0.11893459514759769,6,SVR,38,0.007471611461605036
0.039022968823740414,0.12819258493816835,6,SVR,39,0.007471611461605036
0.04076722231353423,0.14045434352678487,6,SVR,40,0.007471611461605036
0.04261820782795167,0.12700777901655086,6,SVR,41,0.007471611461605036
