y_val,y_pred,iter,model,sample_id,mse
0.03813546351649273,0.3721635668023233,7,RF,42,0.11559670889516378
0.03389451889630202,0.3721635668023233,7,RF,43,0.11559670889516378
0.028940937844200782,0.3818625636762927,7,RF,44,0.11559670889516378
0.022397568992239207,0.4032385027859142,7,RF,45,0.11559670889516378
0.016033807909585036,0.4032385027859142,7,RF,46,0.11559670889516378
0.0,0.4032385027859142,7,RF,47,0.11559670889516378
0.18117199244821555,0.14870688788857248,7,RF,48,0.11559670889516378
