y_val,y_pred,iter,model,sample_id,mse
0.7164690360042748,0.21320566356900966,9,SVR,55,0.1530495042911397
0.6876482303042296,0.22493157299027408,9,SVR,56,0.1530495042911397
0.6541426564718681,0.23731259036639274,9,SVR,57,0.1530495042911397
0.6231348188286906,0.2474770186557859,9,SVR,58,0.1530495042911397
0.5888327648183863,0.25720535896637875,9,SVR,59,0.1530495042911397
0.4420173868999886,0.28054455449853455,9,SVR,60,0.1530495042911397
