y_val,y_pred,iter,model,sample_id,mse
0.14511697622097025,0.1566795550897143,1,RF,0,0.006898206251738824
0.1270663253363236,0.1566795550897143,1,RF,1,0.006898206251738824
0.08854347495894867,0.1566795550897143,1,RF,2,0.006898206251738824
0.06551213047169338,0.15775536148517932,1,RF,3,0.006898206251738824
0.10042935160253087,0.15775536148517932,1,RF,4,0.006898206251738824
0.22489921801416507,0.16442583968578364,1,RF,5,0.006898206251738824
0.3292959921596084,0.16442583968578364,1,RF,6,0.006898206251738824
